stock_id,source_url,predicted_polarity,predicted_subjectivity
AAPL,https://finance.yahoo.com/video/amazon-apple-stocks-waver-hedge-145150665.html,-0.10000000000000002,0.26666666666666666
AAPL,https://finance.yahoo.com/video/futures-hedge-funds-pull-back-143647116.html,0.13299663299663297,0.37407407407407406
AAPL,https://finance.yahoo.com/news/apple-inc-aapl-unveils-final-142613160.html,0.023376623376623374,0.6672077922077921
AAPL,https://finance.yahoo.com/news/earn-500-month-apple-stock-142409022.html,0.1888888888888889,0.5805046805046805
AAPL,https://finance.yahoo.com/news/trump-tariffs-and-one-unpredictable-economy-in-2025-142031983.html,-0.048611111111111105,0.4791666666666667
AAPL,https://finance.yahoo.com/news/calculating-fair-value-apple-inc-140014024.html,0.28833333333333333,0.5508333333333333
AAPL,https://finance.yahoo.com/m/6f994a67-9c34-3168-848c-f1367226d91d/warren-buffett-thinks-pizza.html,0.13803030303030303,0.6407575757575757
AAPL,https://finance.yahoo.com/news/apple-faces-3-80-billion-115047441.html,0.016666666666666663,0.5111111111111112
HIMS,https://www.reddit.com/r/wallstreetbets/comments/1grqbx7/hims_stock_can_it_compete_with_amazons_move_into/,0.12932692307692306,0.47147435897435896
SKHYN,https://www.reddit.com/r/wallstreetbets/comments/1grc49j/south_koreas_value_up_program_and_why_korean/,0.09774384774384774,0.37700401700401703
SSNLF,https://www.reddit.com/r/wallstreetbets/comments/1grc49j/south_koreas_value_up_program_and_why_korean/,0.09774384774384774,0.37700401700401703
TSM,https://www.reddit.com/r/wallstreetbets/comments/1grc49j/south_koreas_value_up_program_and_why_korean/,0.09774384774384774,0.37700401700401703
INTC,https://www.reddit.com/r/wallstreetbets/comments/1grc49j/south_koreas_value_up_program_and_why_korean/,0.09774384774384774,0.37700401700401703
GM,https://www.reddit.com/r/wallstreetbets/comments/1grc49j/south_koreas_value_up_program_and_why_korean/,0.09774384774384774,0.37700401700401703
F,https://www.reddit.com/r/wallstreetbets/comments/1grc49j/south_koreas_value_up_program_and_why_korean/,0.09774384774384774,0.37700401700401703
TSLA,https://www.reddit.com/r/wallstreetbets/comments/1grc49j/south_koreas_value_up_program_and_why_korean/,0.09774384774384774,0.37700401700401703
EWY,https://www.reddit.com/r/wallstreetbets/comments/1grc49j/south_koreas_value_up_program_and_why_korean/,0.09774384774384774,0.37700401700401703
FLKR,https://www.reddit.com/r/wallstreetbets/comments/1grc49j/south_koreas_value_up_program_and_why_korean/,0.09774384774384774,0.37700401700401703
RKLB,https://www.reddit.com/r/wallstreetbets/comments/1gqk3d0/arkg_is_next_rklb_pton_redwire_were_my_previous/,0.06189739813451154,0.4823956799214532
PTON,https://www.reddit.com/r/wallstreetbets/comments/1gqk3d0/arkg_is_next_rklb_pton_redwire_were_my_previous/,0.06189739813451154,0.4823956799214532
ARKG,https://www.reddit.com/r/wallstreetbets/comments/1gqk3d0/arkg_is_next_rklb_pton_redwire_were_my_previous/,0.06189739813451154,0.4823956799214532
NTLA,https://www.reddit.com/r/wallstreetbets/comments/1gqk3d0/arkg_is_next_rklb_pton_redwire_were_my_previous/,0.06189739813451154,0.4823956799214532
BEAM,https://www.reddit.com/r/wallstreetbets/comments/1gqk3d0/arkg_is_next_rklb_pton_redwire_were_my_previous/,0.06189739813451154,0.4823956799214532
CRSP,https://www.reddit.com/r/wallstreetbets/comments/1gqk3d0/arkg_is_next_rklb_pton_redwire_were_my_previous/,0.06189739813451154,0.4823956799214532
RXRX,https://www.reddit.com/r/wallstreetbets/comments/1gqk3d0/arkg_is_next_rklb_pton_redwire_were_my_previous/,0.06189739813451154,0.4823956799214532
GEO,https://www.reddit.com/r/wallstreetbets/comments/1gqijhb/pump_and_dump_alert_geo_group_stock_likely_to/,0.06858428030303032,0.4131628787878788
LCID,https://www.reddit.com/r/wallstreetbets/comments/1gqi8iy/lcid_lucid_motors_great_buy_opportunity/,0.15055555555555555,0.5121428571428571
AAPL,https://finance.yahoo.com/m/e47af89f-c50a-3c25-bcfc-b2d752a29322/why-has-warren-buffett-been.html,-0.00133928571428572,0.5160714285714285,Negative
AAPL,https://finance.yahoo.com/news/berkshire-hathaway-sells-23b-apple-170242629.html,0.21666666666666667,0.37083333333333335,Positive
AAPL,https://finance.yahoo.com/video/trumps-china-tariff-could-cost-163939076.html,0.15,0.55,Positive
AAPL,https://finance.yahoo.com/news/apple-deletes-us-funded-rfe-161537017.html,0.13333333333333333,0.2777777777777778,Positive
AAPL,https://finance.yahoo.com/news/99-billion-bet-warren-buffett-154533725.html,0.05833333333333333,0.5,Positive
AAPL,https://finance.yahoo.com/m/ce2ffe06-f882-3e0d-8b97-fa77d137e8bb/warren-buffett-stocks%3A-what%27s.html,0.008333333333333331,0.44166666666666665,Positive
AAPL,https://finance.yahoo.com/news/big-tech-traders-wait-see-103529600.html,0.004166666666666666,0.48083333333333333,Positive
AAPL,https://finance.yahoo.com/news/apple-removes-russian-language-rfe-185332612.html,0.13333333333333333,0.3430555555555556
AAPL,https://finance.yahoo.com/video/stocks-fall-growth-e-commerce-183823100.html,0.07777777777777778,0.23888888888888885
AAPL,https://finance.yahoo.com/m/8fe66b95-b994-3fc7-8e5c-aae03c7973b8/trump-promises-tariffs.-wall.html,0.015625,0.65625
AAPL,https://finance.yahoo.com/video/apple-gen-z-personal-finance-191356442.html,0.24583333333333335,0.4958333333333333,Positive
OKLO,https://www.reddit.com/r/wallstreetbets/comments/1gs4api/oklo_dd_followup_40_pt/,0.12791005291005295,0.502910052910053
AAPL,https://finance.yahoo.com/news/apple-inc-aapl-among-best-193746544.html,0.24166666666666667,0.5166666666666667
SNOW,https://www.reddit.com/r/wallstreetbets/comments/1gv77n8/let_it_snow/,0.12739628427128427,0.4514565295815296
NVDA,https://www.reddit.com/r/wallstreetbets/comments/1gv77n8/let_it_snow/,0.12739628427128427,0.4514565295815296
MSTR,https://www.reddit.com/r/wallstreetbets/comments/1gv77n8/let_it_snow/,0.12739628427128427,0.4514565295815296
MSFT,https://www.reddit.com/r/wallstreetbets/comments/1gv77n8/let_it_snow/,0.12739628427128427,0.4514565295815296
VRT,https://www.reddit.com/r/wallstreetbets/comments/1gv6504/vrt_sp_500_coming_soon/,0.03953682790639313,0.4559420289855073
NVDA,https://www.reddit.com/r/wallstreetbets/comments/1gv6504/vrt_sp_500_coming_soon/,0.03953682790639313,0.4559420289855073
PLTR,https://www.reddit.com/r/wallstreetbets/comments/1gv6504/vrt_sp_500_coming_soon/,0.03953682790639313,0.4559420289855073
SMCI,https://www.reddit.com/r/wallstreetbets/comments/1gv5ckw/smci_a_short_story/,0.11863636363636365,0.42295454545454547
NVDA,https://www.reddit.com/r/wallstreetbets/comments/1gv5ckw/smci_a_short_story/,0.11863636363636365,0.42295454545454547
ETSY,https://www.reddit.com/r/wallstreetbets/comments/1gv3a69/etsy_turned_things_around_and_finally_solved/,0.07578787878787878,0.41418181818181815
NVDA,https://www.asml.com/en/news/press-releases/2024/q3-2024-financial-results-dd3ac76a9d4d0f8c,0.07878787878787878,0.43345959595959593
HPE,https://www.reddit.com/gallery/1guejx7,0.044270833333333336,0.38802083333333337
JNPR,https://www.reddit.com/gallery/1guejx7,0.044270833333333336,0.38802083333333337
HIMS,https://www.reddit.com/r/wallstreetbets/comments/1gudx03/how_rfk_jr_could_make_hims_great_again/,0.11988636363636362,0.4695075757575758
No ticker symbols were provided in the text.,https://i.redd.it/4cx333v3no1e1.jpeg,0.0,0.0
PLTR,https://www.reddit.com/r/wallstreetbets/comments/1gu30vk/palantir_short_thesis_and_an_analysis_of_its/,0.1274592352092352,0.4982093554593552
3SPA,https://www.reddit.com/r/wallstreetbets/comments/1gu30vk/palantir_short_thesis_and_an_analysis_of_its/,0.1274592352092352,0.4982093554593552
